FlightNum,DepartTime,DepartDate,FlightStatus,AircraftID,DestAirport,OriginAirport
1,0,8022023,On time,68,CDG,HGH
2,1200,3242023,On time,93,SZX,LAS
3,2000,9142023,On time,21,JFK,SEA
4,0,6092023,On time,96,IST,MNL
5,1200,1012023,On time,61,JFK,FCO
6,400,8092023,On time,34,YVR,DMK
7,0,1032023,On time,33,CKG,PHL
8,1600,3242023,On time,22,SAW,ARN
9,1200,6152023,On time,87,WUH,BNE
10,800,5242023,On time,89,SYD,KUL
11,800,10122023,On time,37,DUB,XMN
12,1600,12162023,On time,17,PHL,BKK
13,2000,10222023,On time,9,GRU,SFO
14,1600,11172023,On time,81,ORL,AUH
15,0,5212023,On time,58,BLR,SHA
16,0,10212023,On time,81,STN,BKK
17,800,7212023,On time,71,DCA,BOM
18,1200,12082023,On time,89,DME,BRU
19,800,6072023,On time,59,HND,DUS
20,1200,7202023,On time,40,TAO,AYT
21,400,10042023,On time,32,CAN,SVO
22,2000,8052023,On time,42,DFW,AYT
23,800,1042023,On time,5,DEL,CGK
24,800,2032023,On time,78,CSX,PEK
25,1200,6132023,On time,8,DEL,ICN
26,800,3052023,On time,21,LGW,HKG
27,1600,3042023,On time,4,YVR,LAS
28,800,5092023,On time,43,PMI,MSP
29,800,10212023,On time,68,HGH,CPH
30,0,6202023,On time,93,VIE,YVR
31,1200,1102023,On time,30,IAH,RUH
32,1600,6252023,On time,21,CGK,MIA
33,0,12212023,On time,5,XMN,MEL
34,0,4262023,On time,68,CDG,BOS
35,400,11112023,On time,71,TPE,PHL
36,0,7282023,On time,73,SLC,CDG
37,800,11242023,On time,10,MEX,KIX
38,800,5282023,On time,76,DUB,CKG
39,0,9102023,On time,6,LGW,CJU
40,800,8162023,On time,48,TAO,IST
41,1200,3202023,On time,43,FLL,FUK
42,0,4182023,On time,89,LAX,IST
43,2000,5132023,On time,88,ICN,DFW
44,800,7062023,On time,20,DMK,BOS
45,2000,8092023,On time,98,ZRH,CGK
46,800,10262023,On time,46,LGA,MAD
47,0,5222023,On time,15,DUS,BOG
48,0,6252023,On time,65,MEX,SHA
49,800,10212023,On time,49,IAH,DTW
50,800,1062023,On time,86,STN,MEL
51,0,3262023,On time,87,DTW,ZRH
52,800,12252023,On time,38,HGH,PMI
53,2000,8122023,On time,51,ORL,GRU
54,0,7042023,On time,41,AMS,BKK
55,400,7022023,On time,82,DEN,MAD
56,400,3082023,On time,55,DCA,LGA
57,1600,6022023,On time,99,HKG,NKG
58,0,3102023,On time,77,DME,CTU
59,800,10092023,On time,24,XIY,RUH
60,0,12042023,On time,16,CAN,SIN
61,800,9282023,On time,34,STN,LAX
62,800,10262023,On time,96,AMS,OSL
63,1200,7092023,On time,63,MAN,SIN
64,1200,8042023,On time,88,LHR,FUK
65,400,4072023,On time,95,IST,ARN
66,1200,2282023,On time,17,DTW,KMG
67,1200,10252023,On time,35,CLT,MSP
68,2000,9012023,On time,89,DME,MNL
69,1600,10222023,On time,89,HGH,ARN
70,2000,5282023,On time,89,PHX,IST
71,800,4022023,On time,71,KUL,SYD
72,1600,7052023,On time,36,TAO,CAN
73,1200,4102023,On time,79,SVO,MEX
74,1200,1102023,On time,8,LAX,CPH
75,1200,2062023,On time,35,XIY,LGW
76,800,6262023,On time,29,SGN,SYD
77,0,11172023,On time,71,DCA,NRT
78,400,6022023,On time,17,YVR,DUB
79,400,9222023,On time,16,WUH,CLT
80,1200,11142023,On time,16,LHR,CUN
81,2000,1172023,On time,31,CJU,IAH
82,2000,9202023,On time,27,CJU,DFW
83,800,1252023,On time,64,NRT,HGH
84,400,11102023,On time,81,SLC,ARN
85,1200,6052023,On time,90,FLL,ORD
86,0,5012023,On time,52,KUL,BOS
87,0,3252023,On time,81,CGO,MSP
88,2000,6072023,On time,39,GMP,MIA
89,2000,6062023,On time,31,MEX,DOH
90,2000,1032023,On time,27,MAD,HKG
91,0,7182023,On time,70,SVO,GMP
92,2000,10172023,On time,51,SVO,DME
93,400,8122023,On time,42,JFK,DCA
94,1200,2242023,On time,65,GMP,KUL
95,0,10262023,On time,39,RUH,IST
96,400,8282023,On time,51,ORL,XMN
97,1600,7262023,On time,71,CUN,JED
98,800,4252023,On time,50,CKG,BOG
99,0,5152023,On time,88,MAN,SEA
100,800,1172023,On time,81,RUH,DUS
101,400,11152023,On time,2,CUN,SEA
102,1200,11172023,On time,30,DCA,SEA
103,1600,7282023,On time,52,BCN,SAW
104,2000,6012023,On time,15,PMI,ATL
105,2000,10112023,On time,7,GRU,BCN
106,1200,5052023,On time,25,MAN,LGW
107,0,8182023,On time,74,KMG,CTU
108,1200,6062023,On time,32,WUH,GMP
109,1600,9082023,On time,65,SFO,NRT
110,800,10132023,On time,91,RUH,XMN
111,400,2252023,On time,15,CLT,KUL
112,0,9242023,On time,4,BKK,CKG
113,1600,9192023,On time,15,DUS,CLT
114,1600,10112023,On time,91,AMS,SYD
115,800,12012023,On time,56,IAH,SZX
116,0,1122023,On time,4,GMP,KIX
117,1200,12272023,On time,19,BOG,ORD
118,400,7012023,On time,11,DEN,ORL
119,1200,4062023,On time,7,AMS,FCO
120,800,11282023,On time,72,MAN,MAD
121,1600,5122023,On time,66,DOH,TPE
122,800,2242023,On time,26,KMG,SLC
123,0,9082023,On time,40,BRU,PEK
124,800,9152023,On time,9,MCO,SAW
125,2000,1022023,On time,19,DME,XIY
126,400,8282023,On time,32,SAW,CUN
127,1200,2112023,On time,85,BKK,EWR
128,0,11102023,On time,69,DEL,XMN
129,1600,11112023,On time,73,BLR,CGK
130,2000,5112023,On time,28,ICN,ORL
131,1200,11092023,On time,74,DME,SEA
132,1600,6032023,On time,86,NKG,OSL
133,800,6072023,On time,67,HND,CDG
134,0,5242023,On time,96,NKG,DOH
135,800,8042023,On time,77,LGW,OSL
136,0,7282023,On time,89,BKK,JFK
137,0,5222023,On time,51,CUN,BOM
138,1600,2042023,On time,84,CLT,KUL
139,2000,11252023,On time,9,NRT,RUH
140,0,9122023,On time,41,DUS,FCO
141,2000,5132023,On time,81,SZX,SHA
142,2000,4092023,On time,44,JED,MEX
143,1200,1142023,On time,65,FRA,SLC
144,800,12152023,On time,75,XMN,DEL
145,800,7042023,On time,92,CGK,TAO
146,2000,10242023,On time,91,NRT,SGN
147,2000,1162023,On time,48,DUS,JFK
148,1600,9102023,On time,56,LAS,ORL
149,400,10272023,On time,9,IAH,CAN
150,800,6182023,On time,81,MSP,CSX
151,800,6262023,On time,50,DFW,MUC
152,400,3182023,On time,32,DCA,CLT
153,0,5172023,On time,90,PHL,CSX
154,0,4182023,On time,95,STN,SGN
155,800,10122023,On time,91,LAX,DTW
156,2000,8012023,On time,21,HND,STN
157,1600,5102023,On time,42,HKG,YYZ
158,400,4032023,On time,64,MUC,DFW
159,1200,11022023,On time,33,YVR,VIE
160,400,8122023,On time,75,NRT,SEA
161,1200,8092023,On time,95,CKG,BNE
162,1200,4272023,On time,46,CJU,DOH
163,0,4032023,On time,17,DEL,MSP
164,400,9262023,On time,43,LAX,CSX
165,0,12242023,On time,86,XMN,ZRH
166,2000,2242023,On time,22,DXB,MNL
167,2000,8152023,On time,95,CGK,PEK
168,2000,2122023,On time,79,VIE,HND
169,0,9042023,On time,28,DUS,PEK
170,2000,12162023,On time,65,ORD,HGH
171,1200,11202023,On time,6,SZX,FRA
172,0,8062023,On time,91,FUK,NRT
173,2000,9082023,On time,74,DUB,BOM
174,800,1222023,On time,66,LGA,CKG
175,400,4232023,On time,55,CPH,SIN
176,1600,11142023,On time,82,YYZ,DXB
177,2000,5262023,On time,53,JFK,SZX
178,0,3182023,On time,38,MEL,BLR
179,1200,9012023,On time,98,FCO,DXB
180,400,11192023,On time,53,MNL,BRU
181,1200,12072023,On time,68,LIS,BRU
182,0,4242023,On time,41,AUH,BOS
183,1600,6102023,On time,41,MEL,DFW
184,1600,10072023,On time,79,DOH,MCO
185,1200,7042023,On time,39,PHX,CUN
186,0,3052023,On time,13,STN,MUC
187,1200,1202023,On time,84,CJU,IST
188,0,6192023,On time,44,CDG,SAW
189,1600,9182023,On time,72,HKG,MAD
190,400,3262023,On time,38,IST,YVR
191,0,11222023,On time,48,CGK,ORL
192,800,3142023,On time,53,DCA,ORL
193,400,9212023,On time,80,ATL,BLR
194,400,4262023,On time,17,LHR,SVO
195,2000,7172023,On time,39,DEL,ORD
196,0,7082023,On time,26,CAN,MEL
197,800,8122023,On time,81,BNE,MAN
198,2000,6222023,On time,71,CAN,TPE
199,400,3202023,On time,21,LHR,CTU
200,400,11042023,On time,19,STN,KIX
201,0,10112023,On time,6,MEX,VIE
202,400,1162023,On time,52,TAO,SLC
203,800,7212023,On time,44,PVG,FRA
204,800,11122023,On time,35,CGO,MIA
205,1200,5212023,On time,84,RUH,SFO
206,800,9122023,On time,26,CJU,TAO
207,0,3232023,On time,9,ORD,SIN
208,2000,8252023,On time,16,FLL,MEX
209,1600,12102023,On time,51,CLT,KIX
210,800,8282023,On time,36,DTW,XIY
211,400,2132023,On time,25,HND,AYT
212,400,8052023,On time,28,SAW,DUB
213,0,1242023,On time,90,MIA,CUN
214,1600,5282023,On time,38,JFK,LHR
215,800,11192023,On time,4,LIS,FRA
216,400,1082023,On time,72,MIA,SYD
217,400,6212023,On time,66,MAD,XIY
218,2000,8092023,On time,75,CAN,MAN
219,2000,8172023,On time,98,CDG,DTW
220,400,1152023,On time,34,PMI,CJU
221,1200,10272023,On time,8,MAD,PEK
222,1600,5082023,On time,37,SAW,AUH
223,1200,1142023,On time,21,CKG,SEA
224,400,12182023,On time,51,CUN,VIE
225,400,3042023,On time,57,NKG,DEL
226,0,10272023,On time,81,FLL,PMI
227,2000,2122023,On time,7,PMI,PEK
228,1200,5192023,On time,55,PEK,RUH
229,1200,7212023,On time,83,AUH,ORL
230,1200,4082023,On time,60,SHA,KUL
231,400,2172023,On time,100,DTW,SAW
232,800,8052023,On time,5,MUC,DEL
233,1200,11022023,On time,68,GMP,ARN
234,1200,10122023,On time,86,ARN,DME
235,2000,4152023,On time,31,MAN,PHL
236,1600,5172023,On time,50,ZRH,DEN
237,1200,8122023,On time,15,ORD,BCN
238,0,4042023,On time,90,WUH,CLT
239,400,10262023,On time,12,BOS,DEL
240,0,7132023,On time,40,SEA,SGN
241,0,3172023,On time,1,YYZ,NRT
242,1200,11212023,On time,65,MAN,DOH
243,1600,11082023,On time,72,DFW,GMP
244,1200,5222023,On time,13,KIX,MUC
245,400,5242023,On time,14,HGH,SEA
246,1600,7102023,On time,94,EWR,SZX
247,400,2112023,On time,70,TAO,FUK
248,0,10152023,On time,13,HKG,BKK
249,1200,4172023,On time,99,LAX,RUH
250,0,1062023,On time,60,XIY,PVG
251,2000,4142023,On time,18,MUC,SVO
252,800,9152023,On time,7,BOG,EWR
253,1600,1282023,On time,81,KMG,NKG
254,400,11182023,On time,94,AUH,LIS
255,0,1062023,On time,18,CKG,KUL
256,400,8012023,On time,43,SGN,LHR
257,1600,8112023,On time,21,SGN,MAD
258,800,10112023,On time,98,MUC,CTU
259,1600,12202023,On time,81,DTW,LIS
260,1200,9082023,On time,97,DCA,XMN
261,0,8102023,On time,70,BCN,LIS
262,2000,12152023,On time,9,KIX,BWI
263,1600,11192023,On time,59,BLR,BNE
264,400,11042023,On time,74,MSP,ICN
265,1200,3092023,On time,92,BOS,SLC
266,2000,1222023,On time,61,MAD,SIN
267,1200,2272023,On time,6,HGH,FUK
268,2000,9262023,On time,24,NRT,RUH
269,1200,1092023,On time,87,SLC,ZRH
270,2000,3222023,On time,55,ORD,LGA
271,800,5262023,On time,60,LHR,YYZ
272,1600,2062023,On time,80,ORD,ARN
273,0,1252023,On time,100,AYT,CUN
274,0,11132023,On time,8,FCO,HND
275,1200,3072023,On time,45,MUC,FLL
276,800,12092023,On time,94,GRU,ATL
277,0,5052023,On time,26,LAS,DEL
278,2000,7132023,On time,28,CUN,WUH
279,0,12062023,On time,23,FRA,SEA
280,0,5152023,On time,59,AYT,CTU
281,0,11162023,On time,38,DFW,BNE
282,1200,3152023,On time,12,BOS,BLR
283,400,3222023,On time,9,CJU,IAH
284,1600,11192023,On time,27,GMP,TPE
285,400,11162023,On time,37,CUN,SAW
286,2000,4282023,On time,91,BKK,BLR
287,800,11032023,On time,39,LHR,SYD
288,800,9082023,On time,38,LIS,PHL
289,1200,5052023,On time,66,DTW,PHX
290,1600,10062023,On time,66,PHX,ORL
291,400,2232023,On time,29,SEA,BOM
292,1200,5122023,On time,58,CGO,NRT
293,800,6042023,On time,60,LGW,CKG
294,1200,12242023,On time,28,CTU,SVO
295,400,1112023,On time,57,BNE,RUH
296,400,1282023,On time,50,MEX,JFK
297,800,9182023,On time,40,LAS,STN
298,400,1212023,On time,38,AMS,DOH
299,0,11202023,On time,73,BWI,SHA
300,1600,10012023,On time,80,BOM,ARN
301,1600,12082023,On time,57,CJU,LGW
302,1200,7112023,On time,13,XMN,LGW
303,0,1082023,On time,36,IST,PVG
304,400,1072023,On time,62,FCO,DCA
305,2000,12012023,On time,2,SYD,MNL
306,1600,2242023,On time,69,BOS,ORD
307,400,5052023,On time,57,CDG,PEK
308,1200,2252023,On time,17,EWR,SGN
309,1600,2122023,On time,2,ZRH,SIN
310,0,8282023,On time,22,EWR,BKK
311,400,3052023,On time,75,SGN,EWR
312,400,3212023,On time,76,MEX,KMG
313,800,4042023,On time,59,CTU,RUH
314,800,9132023,On time,24,BWI,SEA
315,1600,2252023,On time,60,DOH,KIX
316,1600,2092023,On time,12,TPE,FUK
317,2000,6262023,On time,99,ORL,FCO
318,800,11142023,On time,88,BOS,PVG
319,2000,5012023,On time,33,PMI,HND
320,1200,5262023,On time,95,AYT,IST
321,2000,3242023,On time,57,SLC,ICN
322,2000,1172023,On time,68,STN,JED
323,800,3282023,On time,16,KMG,ICN
324,2000,2192023,On time,91,FRA,LGW
325,800,4172023,On time,5,AUH,XMN
326,1600,12202023,On time,57,MCO,BLR
327,800,12202023,On time,41,CKG,PHL
328,800,4102023,On time,89,HGH,TPE
329,0,7222023,On time,74,DTW,LGA
330,2000,12192023,On time,3,CUN,DUB
331,0,12162023,On time,63,PHL,BKK
332,1200,6092023,On time,4,AMS,PHL
333,1600,6132023,On time,88,FLL,TPE
334,800,6122023,On time,58,CKG,GRU
335,1600,1262023,On time,52,DEL,LGA
336,800,5042023,On time,85,FRA,TAO
337,800,5102023,On time,50,IST,BOS
338,2000,7092023,On time,56,LGW,ORL
339,400,2142023,On time,49,DMK,SEA
340,1600,12282023,On time,49,VIE,MEX
341,1200,4262023,On time,44,MCO,MSP
342,800,1242023,On time,97,PVG,FLL
343,400,10062023,On time,11,MUC,BOM
344,1200,11202023,On time,9,KMG,CTU
345,400,8152023,On time,18,LAS,AMS
346,800,8282023,On time,37,EWR,LGA
347,1200,8062023,On time,27,IST,CGO
348,400,11062023,On time,97,MNL,BCN
349,1600,9162023,On time,75,NKG,GRU
350,1600,7132023,On time,85,BWI,FUK
351,800,6072023,On time,95,TPE,DTW
352,1200,12272023,On time,71,IST,CTU
353,1200,8072023,On time,70,CUN,KMG
354,2000,7022023,On time,56,DUS,LHR
355,1600,7262023,On time,100,HKG,FLL
356,800,11072023,On time,31,MAN,LAX
357,0,11022023,On time,95,CSX,GMP
358,800,12162023,On time,13,BOG,JED
359,1200,8082023,On time,27,JED,MEL
360,400,7262023,On time,96,STN,ATL
361,400,5052023,On time,88,MAD,ARN
362,400,1042023,On time,36,JFK,CPH
363,2000,5012023,On time,71,FCO,SEA
364,1600,9032023,On time,11,BOS,ATL
365,0,1212023,On time,80,DCA,BRU
366,1200,5132023,On time,73,DTW,FLL
367,1200,7142023,On time,21,DCA,CUN
368,0,2102023,On time,89,JED,LHR
369,0,3052023,On time,79,SFO,KMG
370,800,5122023,On time,74,MEL,FLL
371,0,7202023,On time,48,IST,CAN
372,1200,5062023,On time,68,AYT,DTW
373,0,9232023,On time,82,BCN,LAS
374,1600,10192023,On time,82,BOG,SVO
375,800,11142023,On time,1,YYZ,VIE
376,1600,7252023,On time,76,DUS,PEK
377,0,6082023,On time,96,KUL,GMP
378,2000,5052023,On time,58,CKG,NKG
379,1200,6282023,On time,97,FRA,CLT
380,2000,4142023,On time,43,LAS,DCA
381,2000,5252023,On time,52,ORD,FRA
382,800,1222023,On time,26,HGH,GMP
383,1200,9192023,On time,57,KUL,ATL
384,0,7122023,On time,24,ZRH,CTU
385,0,5252023,On time,48,YVR,GMP
386,0,12272023,On time,43,FLL,XMN
387,1600,6102023,On time,25,IST,XIY
388,2000,12182023,On time,43,MIA,PHL
389,400,5172023,On time,26,ARN,IAH
390,400,10112023,On time,85,IST,CAN
391,1600,1152023,On time,3,LAS,YVR
392,1600,3102023,On time,30,BOM,CDG
393,1600,3272023,On time,41,DEL,XIY
394,1200,2232023,On time,86,FRA,SFO
395,1600,6232023,On time,83,MUC,FCO
396,1600,3052023,On time,57,ORD,BKK
397,1200,3032023,On time,85,SEA,DUB
398,1600,4082023,On time,89,YYZ,PVG
399,1600,3022023,On time,100,ATL,CTU
400,2000,2082023,On time,87,ORL,BOM
401,800,12142023,On time,48,SYD,CKG
402,1600,8062023,On time,32,SGN,BOG
403,800,11042023,On time,92,ZRH,LGA
404,800,9062023,On time,21,DMK,ZRH
405,1200,2252023,On time,3,DEL,MAN
406,2000,11152023,On time,29,MCO,YVR
407,1200,1182023,On time,18,MEX,MUC
408,1600,10032023,On time,93,XMN,MAD
409,2000,7282023,On time,46,FRA,ICN
410,400,9162023,On time,18,CKG,SYD
411,400,5282023,On time,100,SLC,SZX
412,0,11282023,On time,29,CTU,SVO
413,1200,4262023,On time,63,CAN,MSP
414,2000,4032023,On time,26,VIE,DEN
415,2000,2052023,On time,73,VIE,CJU
416,2000,12122023,On time,62,BOM,LGA
417,0,3232023,On time,17,CJU,NRT
418,800,4102023,On time,63,DCA,IAH
419,400,3022023,On time,10,DMK,SFO
420,1200,7162023,On time,5,YYZ,SAW
421,1600,11162023,On time,40,HGH,BOS
422,1200,2112023,On time,61,XIY,CTU
423,0,5112023,On time,1,ARN,SLC
424,400,11162023,On time,35,TAO,NKG
425,0,7132023,On time,29,SYD,BRU
426,800,7092023,On time,15,SIN,CUN
427,800,9062023,On time,43,BLR,PVG
428,800,5062023,On time,76,MAD,HKG
429,1200,3102023,On time,85,CGO,FRA
430,1600,1272023,On time,52,BRU,CGO
431,1600,12262023,On time,24,DEN,XIY
432,400,4162023,On time,11,MSP,DUB
433,2000,11102023,On time,68,DME,MNL
434,1200,8012023,On time,30,DEL,BCN
435,1600,2252023,On time,39,ICN,DME
436,400,6092023,On time,60,PMI,BWI
437,400,7232023,On time,46,AMS,SZX
438,2000,2162023,On time,17,CSX,MSP
439,800,4172023,On time,47,DTW,MAN
440,400,5252023,On time,38,EWR,CDG
441,800,6162023,On time,8,DCA,DUS
442,1200,9192023,On time,88,ATL,ORD
443,1200,5272023,On time,42,AMS,SGN
444,400,11212023,On time,2,DMK,PVG
445,400,1082023,On time,8,VIE,BWI
446,800,3202023,On time,6,GRU,DEL
447,0,8082023,On time,82,HKG,FRA
448,2000,6082023,On time,43,CSX,HGH
449,1200,7202023,On time,57,CTU,AUH
450,1200,3272023,On time,40,NRT,CTU
451,400,9202023,On time,48,DUS,MUC
452,2000,11242023,On time,13,BCN,RUH
453,1200,4032023,On time,96,BRU,XMN
454,800,10172023,On time,52,SZX,DUB
455,1600,7212023,On time,78,CKG,HGH
456,400,3062023,On time,72,FUK,CGO
457,0,1132023,On time,84,AMS,MEL
458,0,12202023,On time,94,DUB,IST
459,2000,10232023,On time,69,DCA,MCO
460,0,12112023,On time,53,CGO,DME
461,800,3122023,On time,31,BKK,YYZ
462,1200,2022023,On time,97,BOG,YVR
463,800,9142023,On time,23,AUH,HKG
464,400,9242023,On time,45,SYD,DEN
465,1200,7092023,On time,48,ATL,SAW
466,1600,10102023,On time,65,FUK,MCO
467,800,3022023,On time,76,DME,PHL
468,800,9052023,On time,45,BOS,WUH
469,1600,1182023,On time,51,CUN,PHX
470,2000,1042023,On time,77,SAW,MSP
471,0,1192023,On time,52,MEX,CPH
472,1600,1242023,On time,37,MNL,YYZ
473,2000,12202023,On time,65,DXB,PHL
474,2000,3172023,On time,10,LAS,CKG
475,0,1222023,On time,42,FLL,BWI
476,1200,3272023,On time,88,KMG,SAW
477,1600,6032023,On time,11,JFK,SEA
478,400,2262023,On time,59,NRT,VIE
479,800,1022023,On time,38,DEN,CTU
480,1600,6082023,On time,8,FCO,DUS
481,800,4022023,On time,38,CKG,PVG
482,1600,1232023,On time,67,ARN,FLL
483,400,11032023,On time,66,DUS,MEX
484,800,8282023,On time,42,MIA,WUH
485,0,4282023,On time,49,FCO,HKG
486,1200,10082023,On time,1,KUL,SFO
487,2000,12072023,On time,26,SEA,CUN
488,2000,10052023,On time,34,DUS,ATL
489,400,9282023,On time,64,KUL,HKG
490,1200,5042023,On time,9,YVR,CLT
491,2000,11192023,On time,50,PHL,DUB
492,0,10142023,On time,4,ORD,KIX
493,1200,9082023,On time,93,LAS,VIE
494,2000,8242023,On time,72,CSX,NKG
495,400,4142023,On time,26,MAN,VIE
496,1600,8142023,On time,39,ICN,BKK
497,1200,9042023,On time,71,DFW,AUH
498,400,7222023,On time,69,FUK,BCN
499,800,11202023,On time,35,KMG,DUB
500,1600,6082023,On time,50,TPE,FCO
501,1200,5012023,On time,29,MEL,MCO
502,2000,2242023,On time,98,BOM,HND
503,0,6142023,On time,4,DEN,DUB
504,1200,6132023,On time,15,SGN,CUN
505,1200,7192023,On time,86,DUB,NRT
506,1600,1012023,On time,98,BOS,XIY
507,1600,4252023,On time,5,TPE,PVG
508,1200,12172023,On time,84,LGA,CAN
509,0,3282023,On time,72,SFO,SZX
510,1200,5072023,On time,55,MAD,SLC
511,400,11122023,On time,64,DME,CGK
512,400,2172023,On time,89,MSP,BOM
513,800,12022023,On time,63,ORD,CGO
514,1600,10122023,On time,19,DOH,VIE
515,400,4032023,On time,40,FRA,KIX
516,0,9092023,On time,67,BOS,DME
517,0,7252023,On time,98,YYZ,DUB
518,1600,5082023,On time,79,TPE,BRU
519,1200,10062023,On time,12,DTW,DXB
520,1200,12142023,On time,67,TPE,BWI
521,0,12212023,On time,82,ZRH,CSX
522,800,2282023,On time,29,GMP,XIY
523,2000,8212023,On time,55,CGK,DEL
524,0,1172023,On time,55,FLL,CPH
525,800,7202023,On time,43,DFW,MEL
526,2000,2042023,On time,78,DFW,KMG
527,2000,10022023,On time,56,CSX,VIE
528,1200,9122023,On time,81,KIX,LAX
529,0,3082023,On time,90,LGA,LHR
530,400,1282023,On time,84,LGW,MCO
531,400,3022023,On time,22,LGW,MAD
532,0,12252023,On time,29,MAD,SAW
533,2000,11132023,On time,47,DCA,TPE
534,0,4152023,On time,32,DCA,BKK
535,1200,9272023,On time,25,MEX,LAS
536,800,7282023,On time,3,FRA,SIN
537,1600,4112023,On time,20,SYD,SGN
538,800,1152023,On time,85,JFK,AMS
539,800,1192023,On time,8,LAS,JED
540,800,8192023,On time,54,GRU,PMI
541,0,3282023,On time,34,AYT,TAO
542,0,11072023,On time,83,PHL,OSL
543,1200,11172023,On time,97,BNE,YYZ
544,1600,2052023,On time,37,PEK,KUL
545,2000,2042023,On time,44,MCO,MEX
546,1600,4232023,On time,47,JFK,NKG
547,1200,12032023,On time,64,MAN,GMP
548,1200,1162023,On time,96,CDG,PVG
549,400,12242023,On time,95,SLC,SAW
550,400,6252023,On time,97,DXB,PHL
551,0,9222023,On time,85,DMK,ARN
552,1600,7132023,On time,47,EWR,WUH
553,400,11062023,On time,98,ZRH,MAD
554,0,9272023,On time,61,SGN,BLR
555,800,10192023,On time,34,HKG,ARN
556,0,7072023,On time,40,CGK,AYT
557,1200,7102023,On time,68,DEL,MAD
558,1600,5262023,On time,47,SAW,EWR
559,1600,9262023,On time,78,PHX,ZRH
560,1600,8112023,On time,53,VIE,CPH
561,1200,1192023,On time,54,CAN,HGH
562,1600,6282023,On time,76,EWR,XIY
563,800,8122023,On time,48,ZRH,DXB
564,1200,2252023,On time,31,FLL,ARN
565,800,2242023,On time,84,CJU,SEA
566,800,1212023,On time,75,RUH,CAN
567,400,5022023,On time,89,PEK,SLC
568,0,2052023,On time,75,BOG,TAO
569,1600,2202023,On time,10,CSX,LIS
570,1200,8192023,On time,3,YYZ,KMG
571,0,4262023,On time,73,CJU,SVO
572,1200,7152023,On time,15,YVR,ICN
573,400,12122023,On time,76,LHR,DEN
574,800,6132023,On time,73,ARN,BCN
575,2000,5222023,On time,96,JED,LGA
576,1200,5112023,On time,99,PMI,TAO
577,1200,3092023,On time,93,LAS,HND
578,1600,6042023,On time,18,ORL,PMI
579,800,12022023,On time,61,TAO,SEA
580,800,8082023,On time,75,DEN,BRU
581,1600,7162023,On time,19,FCO,CTU
582,2000,10092023,On time,65,SVO,ARN
583,800,1262023,On time,86,MCO,IST
584,0,1022023,On time,49,CGO,CJU
585,1200,12272023,On time,31,BWI,NRT
586,1200,8202023,On time,46,CAN,DTW
587,1600,5252023,On time,66,CDG,LGA
588,1600,4132023,On time,91,SZX,STN
589,2000,11012023,On time,82,CLT,SIN
590,0,12052023,On time,54,BRU,PEK
591,400,3112023,On time,82,AUH,OSL
592,2000,10022023,On time,46,MCO,JFK
593,800,12152023,On time,81,SEA,LGW
594,1600,8142023,On time,94,TAO,OSL
595,0,3102023,On time,33,YVR,FUK
596,2000,2052023,On time,47,LAX,FRA
597,800,4222023,On time,64,CSX,JED
598,1200,6152023,On time,25,SGN,KMG
599,1200,3142023,On time,64,DOH,CPH
600,800,2132023,On time,32,CAN,BNE
601,400,2262023,On time,21,SVO,TAO
602,1200,5022023,On time,82,SEA,NRT
603,800,3142023,On time,33,LHR,KUL
604,0,10202023,On time,1,FUK,MCO
605,800,7052023,On time,95,ZRH,BNE
606,1200,12202023,On time,75,DXB,KUL
607,2000,5262023,On time,74,BOM,HGH
608,2000,11042023,On time,73,AYT,MSP
609,400,12182023,On time,7,BRU,JED
610,1600,9052023,On time,99,DTW,SYD
611,1200,9092023,On time,72,MIA,JED
612,0,6032023,On time,98,HKG,EWR
613,1200,2182023,On time,50,ICN,YYZ
614,0,2082023,On time,79,FUK,SAW
615,1600,4122023,On time,53,TAO,SYD
616,0,11172023,On time,19,BOS,DTW
617,400,8042023,On time,86,MCO,CSX
618,2000,5232023,On time,49,ORD,SZX
619,400,1172023,On time,56,LAS,PHL
620,2000,10252023,On time,28,DUS,GMP
621,1200,11262023,On time,20,STN,MAD
622,1600,5112023,On time,11,DMK,IST
623,0,6092023,On time,48,BRU,HGH
624,2000,5172023,On time,88,FUK,NKG
625,400,8222023,On time,12,SAW,CGK
626,2000,7112023,On time,68,CDG,TAO
627,1200,1062023,On time,36,AYT,IAH
628,1600,1042023,On time,68,RUH,DOH
629,2000,12122023,On time,66,LIS,FRA
630,0,12142023,On time,77,CDG,PVG
631,400,9162023,On time,28,LGA,CGO
632,400,4282023,On time,70,BWI,JFK
633,1200,11092023,On time,95,TAO,BLR
634,800,7132023,On time,55,DME,HKG
635,1200,10232023,On time,75,TAO,WUH
636,1600,6202023,On time,69,SEA,NKG
637,1200,9202023,On time,24,MEX,XIY
638,0,10242023,On time,15,NRT,KIX
639,400,1222023,On time,54,ARN,PEK
640,0,9282023,On time,41,AUH,DUS
641,1200,9042023,On time,79,BRU,HGH
642,1600,7132023,On time,26,YVR,OSL
643,800,1192023,On time,53,LIS,CTU
644,1600,7152023,On time,11,KIX,XMN
645,0,12182023,On time,28,VIE,IST
646,2000,6162023,On time,33,PVG,STN
647,400,5142023,On time,35,FCO,DMK
648,2000,4112023,On time,61,GRU,DUB
649,1200,11192023,On time,98,CJU,BCN
650,1200,4142023,On time,97,KMG,AYT
651,2000,5182023,On time,48,CGK,DUS
652,400,1282023,On time,79,DOH,CJU
653,2000,12212023,On time,93,ORD,RUH
654,400,6122023,On time,78,FCO,DUB
655,400,7172023,On time,25,GRU,SEA
656,800,12252023,On time,54,BNE,YYZ
657,2000,7092023,On time,12,ARN,SFO
658,800,8242023,On time,45,ARN,BOM
659,1600,2022023,On time,26,MNL,ZRH
660,400,4192023,On time,51,DME,KUL
661,2000,1092023,On time,31,JFK,KUL
662,1600,5022023,On time,15,ICN,EWR
663,2000,3282023,On time,33,BCN,DUS
664,0,6222023,On time,15,YVR,TAO
665,800,1232023,On time,39,FRA,MCO
666,2000,5182023,On time,83,CPH,PHX
667,1200,5152023,On time,10,YYZ,PHL
668,1200,1222023,On time,38,MAD,FLL
669,1600,11122023,On time,14,MAN,LAS
670,0,10252023,On time,75,ARN,SHA
671,1200,6092023,On time,88,SHA,ICN
672,1600,6122023,On time,63,KIX,PEK
673,400,8132023,On time,93,SZX,GMP
674,2000,10252023,On time,65,MEL,GMP
675,0,7052023,On time,92,HND,KUL
676,400,10142023,On time,64,NKG,CGK
677,1600,5112023,On time,69,GMP,SYD
678,0,6192023,On time,43,BOM,DCA
679,1200,2012023,On time,34,ORD,FRA
680,2000,10022023,On time,22,CPH,BOS
681,1600,7192023,On time,68,AYT,NRT
682,1200,1012023,On time,38,RUH,CGK
683,1200,9212023,On time,3,CJU,CGO
684,1200,9182023,On time,60,SYD,HKG
685,1600,6112023,On time,53,DOH,TAO
686,0,6022023,On time,86,MEL,AMS
687,0,1232023,On time,21,NKG,DXB
688,2000,12022023,On time,19,LAS,CGK
689,2000,10022023,On time,61,DXB,DUS
690,1600,9022023,On time,73,CGO,MIA
691,0,2282023,On time,99,AMS,DEL
692,400,3202023,On time,48,XMN,DME
693,1600,3042023,On time,19,LGW,AMS
694,800,3232023,On time,65,DFW,SGN
695,0,10272023,On time,7,KIX,MCO
696,0,3062023,On time,32,LAS,STN
697,1600,12062023,On time,30,SVO,PMI
698,800,2012023,On time,15,YYZ,MUC
699,1200,6032023,On time,18,FCO,NKG
700,2000,8262023,On time,92,MEL,BLR
701,0,7242023,On time,23,DXB,LAX
702,1600,3212023,On time,74,MIA,ARN
703,2000,4102023,On time,10,BOG,DME
704,0,3202023,On time,89,MSP,MAD
705,1200,3042023,On time,25,DTW,CLT
706,400,4132023,On time,94,GRU,YVR
707,2000,8012023,On time,44,OSL,CLT
708,0,7012023,On time,67,BCN,CLT
709,800,4112023,On time,47,BOM,WUH
710,400,8282023,On time,85,XMN,SHA
711,800,4252023,On time,7,DXB,FRA
712,1600,2082023,On time,60,CJU,SYD
713,2000,10022023,On time,58,BKK,KMG
714,800,3242023,On time,86,FLL,MSP
715,2000,3202023,On time,64,TAO,SIN
716,0,2092023,On time,10,PHL,CLT
717,1200,6172023,On time,1,EWR,MEX
718,1200,8112023,On time,93,BOM,IST
719,800,12142023,On time,55,YVR,BNE
720,400,8152023,On time,65,SYD,LIS
721,800,4202023,On time,74,SEA,JED
722,400,3202023,On time,32,SYD,ATL
723,1200,12032023,On time,91,AUH,PMI
724,400,5272023,On time,29,LHR,FCO
725,400,12132023,On time,94,PHX,SIN
726,400,2082023,On time,64,PVG,GRU
727,0,4072023,On time,2,CSX,FUK
728,2000,4152023,On time,92,IST,YVR
729,400,12192023,On time,79,WUH,MSP
730,2000,12262023,On time,78,BNE,SHA
731,800,9072023,On time,3,ORD,MIA
732,0,2102023,On time,84,SHA,JED
733,800,3232023,On time,98,CLT,OSL
734,0,12122023,On time,11,LGW,DMK
735,2000,8222023,On time,96,DUS,FLL
736,800,2142023,On time,32,LGA,CUN
737,1600,12092023,On time,29,CJU,BCN
738,0,3132023,On time,48,CLT,SYD
739,1200,5252023,On time,18,CPH,SVO
740,2000,1272023,On time,27,PHX,YYZ
741,0,2052023,On time,68,DFW,GRU
742,400,12212023,On time,24,DTW,CDG
743,1200,5102023,On time,11,MIA,DFW
744,1600,10242023,On time,29,CGK,BLR
745,0,7192023,On time,52,PMI,XMN
746,0,2172023,On time,98,SYD,DEL
747,2000,4212023,On time,33,DMK,IAH
748,1200,6172023,On time,64,XMN,PHL
749,1200,6232023,On time,29,BOG,CJU
750,400,8072023,On time,10,SIN,YVR
751,800,6112023,On time,24,GRU,DTW
752,0,6242023,On time,10,CPH,SYD
753,800,5012023,On time,6,BOG,KUL
754,400,4242023,On time,64,XMN,LGW
755,0,7092023,On time,31,CGK,VIE
756,1600,10022023,On time,16,MSP,WUH
757,800,6162023,On time,82,SLC,CKG
758,1200,2122023,On time,97,BKK,CSX
759,0,7142023,On time,44,DUB,BRU
760,2000,5012023,On time,96,SIN,CTU
761,400,4252023,On time,55,LAS,IAH
762,1600,7252023,On time,14,FCO,IST
763,800,4112023,On time,87,RUH,DTW
764,800,8102023,On time,63,JED,PHL
765,0,6232023,On time,96,SLC,DTW
766,400,12112023,On time,78,HKG,SVO
767,400,11142023,On time,34,SAW,SYD
768,1200,11012023,On time,87,TPE,DFW
769,0,4272023,On time,79,BLR,XMN
770,1200,4272023,On time,94,LHR,SYD
771,800,7152023,On time,52,LGW,BOG
772,2000,8132023,On time,47,CSX,VIE
773,1600,10172023,On time,42,ATL,PHL
774,0,11182023,On time,25,SLC,DTW
775,0,11122023,On time,95,SIN,LGW
776,1200,5162023,On time,91,YYZ,PMI
777,0,11022023,On time,82,LIS,HND
778,800,6262023,On time,20,SYD,BOS
779,1600,7182023,On time,2,MUC,BKK
780,1200,1252023,On time,3,FCO,LHR
781,0,12072023,On time,84,CSX,ICN
782,800,10242023,On time,77,PMI,JFK
783,800,7092023,On time,2,RUH,DUB
784,400,9012023,On time,14,MAD,CUN
785,1600,7262023,On time,85,SVO,BCN
786,400,9032023,On time,29,TPE,DEL
787,800,9192023,On time,41,WUH,IST
788,2000,5192023,On time,39,ZRH,MCO
789,1600,1082023,On time,42,ATL,FUK
790,800,7142023,On time,78,LIS,GMP
791,1200,5252023,On time,17,ARN,DME
792,400,4212023,On time,76,SGN,CGK
793,1200,7152023,On time,83,CGO,PHL
794,2000,12032023,On time,59,CJU,JED
795,800,3222023,On time,78,SHA,IAH
796,1600,4012023,On time,62,MAN,DXB
797,2000,7272023,On time,96,AUH,AYT
798,0,7252023,On time,2,BOS,LHR
799,400,5072023,On time,59,JFK,HGH
800,0,9102023,On time,45,LIS,SFO
801,2000,5272023,On time,31,SGN,NKG
802,0,7242023,On time,97,MCO,FUK
803,1200,11162023,On time,90,SIN,RUH
804,1200,5022023,On time,43,ORD,ATL
805,1200,8282023,On time,98,HGH,AMS
806,400,12182023,On time,6,SHA,HND
807,1600,3092023,On time,49,NKG,LAX
808,400,12212023,On time,95,SLC,DMK
809,2000,10222023,On time,63,DEN,MCO
810,2000,9172023,On time,74,MAN,BKK
811,1600,9112023,On time,58,SZX,MIA
812,1200,1152023,On time,74,GMP,FLL
813,1600,6252023,On time,84,FLL,DOH
814,1600,7082023,On time,94,DUS,MEL
815,1600,3272023,On time,86,BWI,AMS
816,1600,1132023,On time,69,MCO,GMP
817,800,8232023,On time,100,ARN,PVG
818,2000,11042023,On time,46,DCA,ICN
819,400,6232023,On time,22,BCN,STN
820,800,3132023,On time,55,CKG,LAS
821,800,8012023,On time,5,CDG,YVR
822,400,10202023,On time,56,DEN,CDG
823,0,6212023,On time,32,BCN,ARN
824,800,6222023,On time,88,MEX,NKG
825,400,11082023,On time,97,CPH,SZX
826,2000,2282023,On time,10,FRA,DEN
827,2000,6022023,On time,85,SFO,CPH
828,2000,3012023,On time,49,AUH,DME
829,1600,1092023,On time,15,DOH,DXB
830,0,11202023,On time,15,MEL,RUH
831,1600,10062023,On time,57,LIS,LGA
832,1200,6122023,On time,10,LIS,PHL
833,2000,7242023,On time,62,KUL,LGW
834,1200,4112023,On time,53,AMS,BOM
835,1600,10022023,On time,91,MAN,MAD
836,800,2152023,On time,18,CGO,CGK
837,0,3242023,On time,41,ZRH,MEL
838,800,3102023,On time,34,FRA,CSX
839,800,7162023,On time,32,MSP,MUC
840,0,6082023,On time,33,SFO,TAO
841,0,11242023,On time,30,MIA,BCN
842,1600,7252023,On time,71,DEL,PEK
843,800,4142023,On time,80,BOG,FLL
844,800,6252023,On time,96,ORL,SIN
845,0,6232023,On time,21,JFK,MCO
846,2000,5202023,On time,78,TAO,DXB
847,1600,2212023,On time,92,MAD,FUK
848,0,12072023,On time,37,DEN,BCN
849,400,5012023,On time,51,DTW,HGH
850,1600,4182023,On time,24,CSX,MEL
851,400,2082023,On time,16,KMG,JFK
852,1600,7082023,On time,97,CKG,DMK
853,1200,6272023,On time,9,SIN,LHR
854,2000,11102023,On time,82,AMS,IAH
855,800,3032023,On time,54,MNL,FLL
856,800,6222023,On time,79,SVO,AYT
857,2000,5022023,On time,78,PMI,ATL
858,2000,8222023,On time,71,BLR,MIA
859,400,11062023,On time,45,NRT,AYT
860,1200,7162023,On time,28,SLC,MEL
861,2000,7032023,On time,48,LGA,ARN
862,800,8072023,On time,46,VIE,CPH
863,800,11042023,On time,49,STN,GMP
864,1200,5102023,On time,86,ICN,FUK
865,0,7012023,On time,31,NKG,MUC
866,800,10212023,On time,19,MAD,FRA
867,2000,8192023,On time,20,VIE,ZRH
868,1200,2162023,On time,90,YVR,PHL
869,0,5032023,On time,46,BOM,LIS
870,800,11162023,On time,45,PVG,DFW
871,1600,3172023,On time,73,IAH,JED
872,800,12042023,On time,71,ATL,BRU
873,2000,8022023,On time,6,MAD,TAO
874,800,11272023,On time,59,IAH,JFK
875,400,2212023,On time,12,CLT,CGK
876,1200,6062023,On time,41,MCO,OSL
877,2000,11062023,On time,73,XIY,BRU
878,800,5202023,On time,84,PHX,GRU
879,0,3222023,On time,29,NKG,BWI
880,1600,8082023,On time,96,KIX,STN
881,1200,6162023,On time,87,BRU,ZRH
882,400,9222023,On time,4,NRT,JED
883,0,4222023,On time,36,PHL,HKG
884,0,1272023,On time,92,ZRH,MCO
885,1200,3102023,On time,3,SGN,DEN
886,2000,5232023,On time,54,LIS,MAN
887,0,6202023,On time,27,PHX,HND
888,1200,3132023,On time,83,AUH,DOH
889,400,3252023,On time,74,DOH,SVO
890,0,7232023,On time,53,YYZ,SIN
891,1600,8242023,On time,10,OSL,HKG
892,0,3142023,On time,8,VIE,PEK
893,2000,8172023,On time,22,DTW,BNE
894,0,9122023,On time,84,DEN,PHX
895,0,3252023,On time,58,JED,MSP
896,400,10052023,On time,7,SLC,SHA
897,1600,10102023,On time,81,TPE,PMI
898,2000,4102023,On time,27,IST,LHR
899,0,9082023,On time,25,KIX,SZX
900,1200,4022023,On time,99,DXB,BKK
901,1200,2262023,On time,53,LGA,BLR
902,400,12052023,On time,82,BLR,DFW
903,400,12182023,On time,17,CJU,XMN
904,1200,5122023,On time,78,DCA,ICN
905,400,6142023,On time,44,SVO,CJU
906,0,12112023,On time,14,SVO,FLL
907,0,10182023,On time,94,GMP,AUH
908,0,7102023,On time,31,MAN,CDG
909,400,8122023,On time,3,SVO,SIN
910,800,12082023,On time,85,SHA,SAW
911,400,4252023,On time,20,SHA,BLR
912,400,7012023,On time,50,HGH,DME
913,1200,10012023,On time,5,CLT,LAX
914,0,6212023,On time,85,LAX,DME
915,2000,11162023,On time,59,PHL,DFW
916,1600,6212023,On time,1,CPH,VIE
917,800,11112023,On time,49,BWI,CLT
918,400,1092023,On time,43,STN,FCO
919,0,4112023,On time,21,DTW,BOM
920,1200,4042023,On time,1,LAX,ORD
921,2000,7102023,On time,11,CGK,DTW
922,1600,8252023,On time,73,DUB,KIX
923,1200,12142023,On time,74,PHL,MIA
924,1600,4162023,On time,99,MIA,BCN
925,0,4222023,On time,23,KUL,BNE
926,0,7032023,On time,52,BNE,HKG
927,1200,2162023,On time,79,AUH,NRT
928,0,5112023,On time,24,HND,MCO
929,2000,5092023,On time,59,SFO,DUB
930,1200,2072023,On time,29,LGW,FLL
931,400,7142023,On time,7,PHL,SVO
932,2000,4102023,On time,60,LGW,DMK
933,1600,9152023,On time,30,IST,BOG
934,1200,9232023,On time,56,MEL,CUN
935,800,8042023,On time,98,MEL,SHA
936,2000,4062023,On time,56,CTU,MEX
937,2000,9202023,On time,20,HND,STN
938,1600,6152023,On time,24,MCO,FRA
939,1200,6052023,On time,53,WUH,CAN
940,1600,11022023,On time,21,SFO,NRT
941,1200,6222023,On time,99,MSP,BOG
942,0,5232023,On time,35,CAN,OSL
943,0,2202023,On time,78,BRU,FUK
944,1600,4012023,On time,98,LGW,ICN
945,0,9152023,On time,25,DUB,BCN
946,800,9122023,On time,17,PVG,DUS
947,800,5142023,On time,85,LHR,ATL
948,1600,4032023,On time,56,ZRH,MIA
949,800,5182023,On time,39,AYT,OSL
950,0,6252023,On time,69,BLR,MEL
951,1600,9142023,On time,33,BOM,MEL
952,400,3142023,On time,72,FLL,KUL
953,0,3022023,On time,53,CGO,AUH
954,1600,2232023,On time,72,BOM,KIX
955,400,2232023,On time,28,GMP,IAH
956,800,7112023,On time,31,MIA,DOH
957,2000,2042023,On time,62,BWI,ICN
958,1200,10132023,On time,17,AUH,SHA
959,2000,8112023,On time,71,CUN,CDG
960,800,12112023,On time,34,MNL,AYT
961,2000,8082023,On time,11,IST,LAS
962,2000,7252023,On time,87,BNE,SLC
963,1200,8182023,On time,67,PHL,MIA
964,800,3052023,On time,9,CSX,XIY
965,1200,3232023,On time,66,ORL,BWI
966,0,2122023,On time,3,DEL,ZRH
967,1600,6092023,On time,44,BOG,PVG
968,0,7132023,On time,89,WUH,LHR
969,2000,4142023,On time,94,PEK,FCO
970,0,3172023,On time,27,PVG,BRU
971,400,11052023,On time,30,NKG,SZX
972,1600,6052023,On time,21,TPE,MNL
973,400,4042023,On time,24,AMS,DXB
974,1200,11072023,On time,24,ARN,DEN
975,2000,8082023,On time,26,BKK,FLL
976,1200,9202023,On time,28,CTU,CDG
977,2000,7182023,On time,26,PHL,JFK
978,1200,3242023,On time,8,CJU,MEX
979,1200,8192023,On time,46,DEN,CJU
980,2000,3022023,On time,20,KIX,FRA
981,2000,10242023,On time,47,DCA,AMS
982,800,5042023,On time,28,OSL,PVG
983,0,9082023,On time,72,BKK,DEN
984,1200,8182023,On time,41,SZX,SGN
985,0,1112023,On time,77,CUN,FLL
986,0,5012023,On time,57,SGN,CTU
987,1600,1182023,On time,98,YYZ,CJU
988,0,9162023,On time,22,ARN,LGA
989,0,7052023,On time,79,DFW,XMN
990,1200,4152023,On time,3,ICN,ARN
991,800,2132023,On time,42,XIY,ICN
992,800,6192023,On time,51,GRU,PHX
993,800,9052023,On time,12,HND,VIE
994,1200,8132023,On time,95,BWI,SVO
995,2000,12042023,On time,38,VIE,ORD
996,800,8222023,On time,97,MAD,DTW
997,0,11232023,On time,32,FLL,DFW
998,1600,10092023,On time,53,DXB,DOH
999,2000,5192023,On time,35,PVG,PHX
1000,0,11062023,On time,74,ZRH,MUC